date,day,week,type,prescribed,actual_mi,pace,moving_time,avg_hr,max_hr,elevation_ft,verdict,strava_id,relative_effort,feel,notes
2026-06-04,Thu,Pre-season,Easy,Easy 5 mi @ 9:20–9:45,3.61,8:56,32:16,153,166,144,off-plan,,,Pace feels good. Have to start adding miles.,Short of distance and pace a hair quick on hills; effort controlled by HR (half Z2 zero Z4).
2026-06-05,Fri,Pre-season,Easy,Easy 5 mi @ 9:20–9:45,6.37,8:45,55:44,160,176,310,off-plan,,,"Had more in the tank, just no time.",Easy day run as tempo — 35-60 s/mi too fast finishing at 8:11; 74% of HR in Z3+. Effort spent before the long run.
2026-06-07,Sun,Pre-season,Long (build-up),~10 mi easy,10.38,9:27,1:38:08,159,173,544,on-plan,18828714274,,,Target hit. All at easy 9:27; 159 avg HR is normal drift over 98 min on a hilly route. Good base run to launch training.
2026-06-08,Mon,1,Cross-train,Squats + boot camp,,,,,,,on-plan,,,,"""Measured"" WOD — 145 RX (self-reported, no Strava). Ascending-load ladder, 12 burpees per round: squat worked up 95→125→135→145→143 lbs (women's Rx, 33 lb bar)."
2026-06-10,Wed,1,Intervals,4×1200m @ 7:55/mi = 7 mi,6.19,8:57,55:24,157,180,55,on-plan,18863997596,102,,"Work intervals 7:59/mi avg vs 7:55 target — nailed. HR built 146→169, max 180. Total 6.19 vs 7 mi (trimmed easy bookends). Mile splits: 9:33/8:37/8:15/8:49/8:58/9:25."
2026-06-11,Thu,1,Easy,Easy 5 mi @ 9:20–9:45,4.52,9:16,41:54,155,173,205,off-plan,18877535229,67,Got out late and it's very hot — felt more effortful. (via chat),Cut short in ~80°F heat — right call on distance. Miss is pace: 9:16 avg with mile 4 at 8:59 is under the easy floor on a hot day; HR drift 142→168. Splits 9:21/9:18/9:14/8:59/9:25.
2026-06-12,Fri,1,Easy,Easy 5 mi @ 9:20–9:45,5.01,9:05,45:32,160,181,228,off-plan,18890064891,94,,5.01 mi at 9:05 avg in ~79°F/70% humidity. Splits 9:19/9:22/9:01/8:43/9:01 · HR 146→172. Under easy floor in heat with HR drift; same pattern as Thu Jun 11.
2026-06-14,Sun,1,Long,12 mi easy @ 9:20–9:45,6.60,9:48,1:04:45,157,171,318,on-plan,18919875836,,,~95°F heat — cut 12 to 6.6 mi; right call. Splits 9:39/9:58/9:46/9:35/10:00/9:48/9:16 (last 0.6).
2026-06-15,Mon,2,Cross-train,Squats + boot camp,,,,,,,on-plan,,,,"""High Heels"" WOD — 133 lbs RX (self-reported, no Strava). 3 rounds loaded barbell: back squat, alternating back-rack lunges, weighted glute bridges; loads up to 153 lbs."
2026-06-17,Wed,2,Tempo,1.5 W/U + 3 mi @ 8:25 + 1.5 C/D = 6 mi,6.28,8:45,54:56,153,157,310,on-plan,18957577746,,,Tempo on hilly route; grade-adjusted pace ~8:28/mi vs 8:25 target. Splits 9:14/8:41/8:21/8:44/8:08/9:26 mirror terrain. HR 155 steady through work (82% max).
2026-06-18,Thu,2,Easy,Easy 5 mi @ 9:20–9:45,5.52,9:22,51:45,142,151,264,on-plan,18969616420,43,,"Easy day finally run easy — avg HR 142 (75% max), peak 151, genuinely aerobic vs last week's 168–172. Pace 9:22 in band, HR flat 137→146. Early 5:49 AM start beat the heat. Last 0.5 mi at 8:31 relaxed finish, HR 143. Strides skipped (no time). Splits 9:41/9:36/9:32/9:26/9:05/8:31."
2026-06-19,Fri,2,Easy,Easy 5 mi @ 9:30–9:45,5.32,9:18,49:31,159,173,214,off-plan,18986896502,94,,"86°F midday lunch run. Splits 9:04/9:16/9:33/9:44/9:02/8:55 · HR 149/158/156/163/166/168. Opened fast, settled miles 3-4, then surged mile 5. RE 94 vs RE 43 yesterday."
2026-06-21,Sun,2,Long,Long run: 13 mi easy,13.49,9:31,2:08:16,152,171,743,on-plan,19011718050,185,,13.49 mi at 9:31 avg in easy zone. HR 141→160 over 13 mi (normal drift). Week 2 complete.
2026-06-22,Mon,3,Cross-train,Squats + boot camp,,,,,,,on-plan,,,,"""Red Light"" WOD — 101 cal RX (self-reported, no Strava). EMOM x28: back squat AHAP, max-cal Assault bike, 40-sec wall sit, rest. Squat load 123→133→143#."
2026-06-24,Wed,3,Intervals,5×1000m @ 7:55/mi = 7 mi,6.33,8:48,55:42,146,152,297,off-plan,19055616532,71,,Continuous progression build (9:15→7:58); single watch lap — interval structure not executed. Short 6.33 vs 7 mi. HR data unreliable (5 consecutive miles at exactly 147 bpm).
2026-06-25,Thu,3,Easy,Easy 5 mi @ 9:30–9:45,5.16,9:21,48:17,156,171,225,off-plan,19061524126,82,,Pace 9:21 vs 9:30-9:45. Miles 1/4 downhill-driven (9:17/-77ft; 9:15/-45ft); uphills in zone (9:29/9:36). Miss: mile 5 flat at 9:19 + closing 0.16 mi at 8:30/HR 169. HR 143→169 drift (26 bpm). Day before Friday intervals.
2026-06-26,Fri,3,Intervals,5×1000m @ 7:55/mi = 7 mi,6.14,8:42,53:28,158,184,62,on-plan,19073964381,100,,5/5 reps with 2-min jog recoveries. Rep 1 avg 8:27 (lap captured ~300m warmup from late button press); reps 2-5 at 7:49/7:46/7:53/7:37 — all ahead of 7:55 target. Max HR 184 rep 5. Cooldown cut short (work). Rescheduled from Wed → Fri.
2026-06-28,Sun,3,Long,Long run: 14 mi easy,14.10,9:31,2:14:12,156,177,722,on-plan,19099356682,232,,14.10 mi at 9:31 avg in easy zone. HR 144→174 cardiac drift (post-interval residual fatigue). Opened conservatively miles 1-5: 9:44/9:33/9:42/9:49/9:45 HR 144-149. Pace held throughout. Week 3 complete.
2026-06-29,Mon,4,Cross-train,Squats + boot camp,,,,,,,on-plan,,,,"""Halfway"" WOD — 11+15 rounds RX (self-reported, no Strava). 20-min AMRAP: back squat, push-up, KB sumo deadlift high pull. 143# back squat held unbroken through the AMRAP."
2026-07-01,Wed,4,Tempo,Tempo: 1 mi WU + 3 mi @ 8:20/mi + 1 mi CD = 5 mi,4.97,8:55,44:18,158,177,82,on-plan,19137116645,81,,Tempo block (lap 2): 3.00 mi @ 8:21/mi — 1 sec/mi off 8:20 target. Mile splits: 9:24/8:27/8:33/8:05/10:06. Laps: WU 9:25 · Tempo 8:21 · CD 10:13.
2026-07-02,Thu,4,Easy,Easy 4 mi @ 9:30–9:45,5.03,9:36,48:20,167,183,209,flag,19155148259,129,,"Pace/distance on plan (9:36, 5.03 mi) but HR drifted 150→178 (flat pace, climbing HR = heat cost). Avg HR 167 (88% max), RE 129 — tempo-level cost for an easy day. 2:49 PM start in NYC's hottest day of the year (feels-like 100-110F, ozone advisory). No pain/injury reported; heat-discipline flag, not health flag."
2026-07-03,Fri,4,Hero WOD,"CrossFit ""Glen"" (swap)",2,,49:05,,,,off-plan,,,,"Scaled: 49:05. 30 C&J (135/95, scaled to 55#), 1 mi run, 10 rope-climb ascents (15ft, 2 full/6 half-ish/2 linked out), 1 mi run, 100 burpees. 98°F. 2nd straight heat-exposure day after Thu's HR-drift flag; Sat rest buys back recovery buffer before Sun long run."
2026-07-05,Sun,4,Long,Long run: 12 mi easy,13.12,9:39,2:06:43,153,173,623,on-plan,19191685369,193,"Felt very, very hard - harder than it should at the current temperature.","Beat 12-mi recovery-week target by over a mile at 9:39 avg, easy zone held 9:12-10:03 all 13 miles. Dew point in 70s (muggy pre-frontal airmass) despite mild 76F air temp - taxes cooling/HR independent of thermometer. Also RE/mi (14.7) close to Jun 28's fatigue-flagged long run (16.5/mi) despite slower pace than both prior long runs - pre-existing fatigue from Thu heat-flagged run + Fri Hero WOD ""Glen"" (98F), only Sat's one rest day buffering before this long run. Humidity + fatigue stacked, not air temp alone. Distance/pace on plan so stays on-plan, flagged as recovery-buffer signal for future Hero WOD swaps."
2026-07-06,Mon,5,Cross-train,Squats + boot camp,,,,,,,on-plan,,,,"""Canoe"" Rx++ 138 lbs (150% bodyweight) - self-reported, no Strava data. 6 rounds: 10 back squat + 500m row, rest as needed. Did an extra set of 10 squats beyond prescribed. Strong session; noted as stacking systemic load on top of Sunday's fatigued long run - Tue rest important, check in before Wed 5x1000m."
2026-07-08,Wed,5,Easy,Easy 6 mi,6.41,8:56,57:18,155,172,325,off-plan,19228350061,93,Felt really easy - that's why I went faster. Getting under 8:00/mi would've taken more work than I had.,"Progression run, not an easy run - splits build 9:12→8:20 (final partial mile), HR climbs 141→164-169 (86-89% max). Last mile-plus at tempo pace (8:20-8:30/mi); whole-run avg (8:56) already beats easy zone (9:20-9:45). No pain/injury reported. Cuts against the point of this week's Wed/Fri swap (Wed meant to stay easy to protect Fri's 5x1000m). Action: run Thu's easy 6 mi by HR (cap ~155), save hard effort for Fri intervals."
2026-07-09,Thu,5,Easy,Easy 6 mi,3.44,9:03,31:09,150,159,182,off-plan,19242179431,42,Work called. Had to stop. / Felt easy today too.,"Work call cut this off at 3.44 mi against a 6-mile target - right call to stop rather than rush it. HR stayed capped in the low-150s per yesterday's action (avg 150, max 159, never cracked Z3), pace built to 8:10/mi finish without feeling hard. Two days running - Wed felt really easy, today felt easy too - where 8:55-9:05/mi reads as easy effort, not the 9:20-9:45 zone on paper. Fitness signal, not discipline issue; worth recalibrating easy zone if it holds. Action: no makeup needed - Friday's 5x1000m @ 7:55/mi is the week's only hard session, show up rested."
2026-07-10,Fri,5,Quality,5×1000m @ 7:55/mi,6.03,8:58,54:04,154,184,15,flag,19254821386,86,,"Five reps at 7:50-7:54/mi, all at/under 7:55 target, no pace drift, but HR climbed 157 to 174-175 holding same pace - heat cost. RETROACTIVE FLAG (reported Sun Jul 12): JR traced onset of right foot pain (top/metatarsal, dull ache) and right hip weakness (prior impingement history) to this session, noticed teaching Pilates same evening. Likely origin point for current issue. Action: no running until seen by PT for both hip and foot."
2026-07-12,Sun,5,Long,Long run: 15 mi easy,15.26,9:31,2:25:18,154,170,797,flag,19285452124,233,,"Beat 15-mi target at 15.26 mi, splits sat almost entirely inside 9:20-9:45 zone, pace never sped up to compensate unlike Wed/Thu. RETROACTIVE FLAG (reported same day): right foot pain (top/metatarsal, dull ache present even standing) and right hip weakness (single-leg stance, prior impingement) still present after this run, same issue traced to Friday's session. Action: no running until seen by PT for both hip and foot. Week 6 on hold pending eval."
2026-07-16,Thu,6,Easy,Easy 6 mi,6.23,8:52,55:16,160,176,82,flag,19343957576,114,"I just hate the flat miles, but it also felt easy. I haven't worked out all week. (reported after, in chat)","First run since the right foot/hip flag - no description on the activity, so no status on either. Reported after: Mon boot camp and Wed tempo both skipped, four full rest days coming in - fresh legs explain the easy feel despite Z3-Z4 HR. Run landed during the Canadian wildfire smoke event (parts of NYC over AQI 200 Thu evening, worst since June 2023) - some HR elevation likely smoke on top of heat. Distance on target but effort far over easy: 8:52 avg vs 9:20-9:45 zone on a 77F evening (heat should slow easy pace, not speed it up), miles 2-6 at 8:40-8:55 with HR 159-171 (84-90% max), HR drift 138->171 at flat pace. RE/mile 18.3 tops every long run and interval session this cycle. Wed Jul 15 tempo produced no data - treated as skipped, no makeup. Action: report foot/hip status during/after/next morning; if at-rest ache persists, PT eval before Sunday's 18-miler; Friday easy 7 by HR (cap 150). UPDATE: JR reports foot and hip fine, no pain since Sunday including through this run - injury flag cleared, Sunday 18 on pending air quality; if ache returns (especially at rest), stop and book PT eval."
2026-07-17,Fri,6,Easy,Easy 7 mi @ 9:30/mi (HR cap 150),7.84,9:29,74:21,154,166,461,off-plan,19349352883,120,,"Pace/distance both clear the base prescription: 9:29 avg, 7.84 mi beats the 7-mi target, right in the 9:20-9:45 zone. But Thursday's entry set a specific condition for this run - by HR, cap 150 - and it wasn't held: mile 1 opened at 145, every split from mile 2 on ran 152-159 (avg 154), three miles (9:20, 9:08, 9:27) faster than the 9:30 floor while HR sat above cap. Same shape as Thursday's flag, milder version (154/166 vs 160/176). No pain/injury reported, foot/hip flag stays cleared - discipline flag, not red. Action: hold Sunday's 18 honestly in the 9:20-9:45 band and watch HR; extended 150+ stretches on 18 miles is a reason to ease pace. Check in on foot/hip Saturday morning and after Sunday's long run."
2026-07-19,Sun,6,Long,Long run: 18 mi easy,18.09,9:39,2:54:30,156,179,877,flag,19380418851,305,"At 15 I stopped and got water and thought sweet, only 3 miles left. But every mile after that felt like stopping. Feels weird. Can't imagine adding another run to a week with a long run this long. (reported after, in chat)","Beat the 18-mi target at 18.09 mi, 9:39 avg sits right at top of the 9:20-9:45 easy band - clean on pace/distance. But HR sat 148-172 from mile 2 on, essentially the whole run, and never eased as it climbed - mile 18 was the fastest full mile (9:14) with HR 166, closing partial hit 172, the highest of the day. Same legs-easy/HR-hot pattern flagged after Thu and Fri, now on the cycle's longest run. Correction (NWS Central Park): actual high was just 79F at 2:59pm, 6 below the 85F normal - despite the date being the calendar's average-warmest day, this one ran mild, ~76F to ~79F across the run. Heat wasn't the driver - fatigue/effort was. No pain reported - fatigue/discipline flag, not red injury one - but third straight run this way. Action: Tuesday's new shakeout (4 mi) isn't stacked on this, sits on a different part of the week - but treat this week as a real recovery push: sleep, hydration/electrolytes, cut Tuesday to 3 if flat. Report immediately if feels-weird becomes anything specific."
2026-07-20,Mon,7,Cross-train,Squats + boot camp,,,,,,,on-plan,,,,"""Hawkeyes"" — 13:46 scaled (self-reported, no Strava). 2 rounds 12-9-6 back squat (113#) + 24-18-12 Russian KB swing (53#, Rx weight); ~12 extra squat reps after (6 at 123#, 6 at 133#). Also attended a separate boot camp class that evening. Landed the day after Sunday's flagged 18-miler that called for a recovery push, not more load - likely what set up Wednesday's soreness/skip."
2026-07-22,Wed,7,Quality,5×1200m @ 7:55/mi,6.40,9:09,58:32,149,158,310,off-plan,19418723790,78,"Drank the night before, sore from Sunday's long run and Monday's boot camp, skipped Tuesday's shakeout entirely (mom in town) - ran Thursday's easy 6 a day early instead of Wednesday's intervals.","Watch confirms this was never an interval attempt - one continuous lap for the whole run, splits 8:38-9:26/mi throughout, distance (6.40 mi) matches Thursday's easy-6 prescription rather than Wednesday's 9-mile session. Real context from JR: sore legs, alcohol the night before, Tuesday's shakeout already skipped - swapping intervals for an easy day and pulling Thursday's run forward was the right read of the body. HR backs it up: avg 149/max 158 is the most controlled effort in three weeks after three straight hot-HR runs (Jul 16/17/19). No pain/injury reported. Action: no makeup for missed intervals; Thursday is off too (5:30 AM train), so this week skips both the shakeout and quality day - Friday's medium 9 mi easy is next, run genuinely easy; Saturday stays rest as planned rather than adding a session to compensate."
2026-07-24,Fri,7,Medium,Medium: 9 mi easy,9.24,8:58,82:57,,,416,off-plan,19452270158,,,"Distance beat the 9-mi target. Pace ran 8:58 avg, well over the 9:20-9:45 easy zone - mile 1 (7:59) likely a GPS/auto-lap glitch (feed also logged an implausible 22+ mph speed spike), but miles 8-9 closed at 8:53/8:31 plus an 8:38 partial, a real fast finish matching the Jul 8/Jul 9 pattern. No HR data today - watch wasn't worn - so no way to check the cost of the fast pace. Action: wear the watch Sunday without exception, keep opening miles of the 16-miler controlled rather than letting legs decide."
2026-07-26,Sun,7,Long,Long run: 16 mi easy,16.10,9:32,2:33:22,155,168,883,off-plan,19477273423,251,,"Distance and pace beat the target inside the 9:20-9:45 easy band with the most even splits of the cycle (9:14-9:47 across 16 miles), no fast finish - exactly what Friday's entry asked for. Watch worn per that ask too, and it caught what pace missed: HR opened controlled at 144, sat 148-162 most of the run, climbed to 158-167 over the final three miles/partial. Weather check (NWS Central Park): actual high 85F at 2:11pm, low 64F at 5:36am - roughly 77F at the 10:38am start climbing to ~84F by the finish, real heat in the back third. Actually hotter than Jul 19's 18-miler (corrected to a mild 76-79F) - JR ran faster (9:32 vs 9:39) with lower peak HR (168 vs 179) in tougher conditions. Real miss: closing stretch (mile 16, then partial) got faster not slower right as HR peaked in the hottest stretch - the at/faster-than-easy-pace-while-HR-climbs-in-heat pattern, confined to the last mile-plus. RE (251, 15.6/mi) in line with other long runs. No pain reported. Action: Week 8's recovery week is the real reset - specific fix is easing the last mile or two on a warm long run instead of picking it up as HR peaks. Wednesday's tempo is not optional this week."
2026-07-27,Mon,8,Cross-train,Squats + boot camp,,,,,,,on-plan,,,,"""Evergreen"" — 19:38 scaled (self-reported, no Strava). For time: 30 back squat / 60 DB push press / 90 wallball. Squat run as an ascending ladder: 18 reps @ 133#, 6 @ 143#, 6 @ 153# — 153# is the heaviest back squat logged this cycle (previous top 143-145#). Accessories scaled well below Rx (25# push press vs 35, 10# wallball vs 14) and no second boot camp class — exactly what the Jul 20 action line asked for after Sunday Jul 26 came in flagged: one session, metcon scaled, squat load kept honest. Tuesday Jul 28 shakeout came in on-plan that evening, confirming it worked. Template for a recovery-week Monday."
2026-07-28,Tue,8,Easy,Easy shakeout: 3 mi,3.32,9:23,31:05,148,164,152,on-plan,19507309589,36,,"Recovery week opener beat target at 3.32 mi; HR terrain-driven (uphill mile 2 to 152, downhill mile 3 to 155), no fast finish. Mild evening (79F midday high per NWS, well past peak by 6:34 PM start). No pain reported."
2026-07-29,Wed,8,Tempo,1mi WU + 3mi @ 8:15/mi + 1mi CD,5.01,8:41,43:34,,,116,on-plan,19516586600,,,"First quality session executed clean in three weeks. Watch laps: 1.00 mi warm-up @ 8:55/mi -> 3.00 mi tempo block @ 8:19/mi (target 8:15/mi, 4 sec/mi off, essentially on target) -> 1.00 mi cool-down @ 9:33/mi. Mile splits progress cleanly through the work miles (8:54/8:24/8:22/8:13) with no sag. No HR data - watch/strap not worn or synced. No pain reported. NWS CLI report for today not yet posted; yesterday ran a mild 79F high, nothing pointing to unusual heat this morning."
2026-07-30,Thu,8,Easy,Easy 5 mi,5.10,8:41,44:18,156,172,215,off-plan,19528670557,81,,"Every mile ran faster than the easy zone (8:49-8:17/mi), day right after Wednesday's tempo - mile 4 (8:17) nearly matched yesterday's actual tempo pace. HR climbed 147->171 as pace also got faster, same pattern flagged before, now stacked on the hard day instead of preceding it. New marathon shoes (ASICS Novablast 4) worn per JR chat report - likely made the fast pace feel effortless. Mild ~70F morning, no heat factor. No pain reported."
2026-07-31,Fri,8,Easy,Easy 7 mi,7.01,9:04,63:33,159,178,291,off-plan,19545292799,124,,"Beat the 7-mile target but ran hot: only miles 4 and 5 (9:22/9:26) landed in the 9:20-9:45 easy zone, the other five ran 8:29-9:05. NWS hourly obs show real midday heat across the run window (~81F at 11:51am climbing to ~83F by 12:51pm, mid-50s% humidity). HR backs it up: climbed 148->165 and held there through the fastest mile (8:29, aided by a downhill, but HR still climbing not easing). Second straight easy day run too hot - Thursday flagged 8:41/mi with HR to 172 day after tempo, now Friday adds a heat tax instead of the recovery-week reset. No pain reported."
2026-08-02,Sun,8,Long,Long run: 13 mi easy,13.18,9:27,2:04:35,155,179,756,off-plan,19574216246,207,"very hot, stopped for water/break at mile 8.4, felt much easier after, pushed HR especially at the end","Beat the 13-mile target at 9:27/mi avg, mid-band easy. Real heat (NWS: yesterday's actual high 86F, 1F above normal; today's report not yet posted) forced a water stop/break at mile 8.4 - right call given the IT band watch, not a miss (~7.9-min elapsed/moving gap confirms a real stop). Miles 1-11 held honest 9:11-9:50 pace with HR drifting 142->mid-150s on heat. Miles 12-13 + closing partial dropped to 9:11/8:58/7:34 with HR climbing to a peak of 179 - JR's own account matches: felt easier after the break, knowingly pushed HR at the end. Third straight long/easy run with fast-finish-plus-climbing-HR shape (Thu/Fri also flagged), more defensible this time since it followed a real reset stop. No IT band pain reported. Week 8 (recovery) complete."
2026-08-03,Mon,9,Cross-train,Squats + boot camp,,,,,,,on-plan,,,,"""Paddle"" — 26:50 Rx (self-reported, no Strava). 10-9-8-7-6-5-4-3-2-1 back squat at bodyweight (JR: ""body weight ++"") with a 250m row between each set — 55 squat reps plus ~2,250-2,500m rowing. Right day, right dose, done Rx. The note is the calendar: landed the morning after Sunday Aug 2's flagged 13.18-miler (closed 9:11/8:58/7:34, HR to 179) and opens Week 9, the first peak-build week (~42 mi, 4x1600m Wed, first MP miles Fri, 20-mile long run Sun). Jul 20 precedent: heavy Monday after a flagged Sunday and Wednesday's intervals never happened — but this was one session, not that day's WOD-plus-evening-class double, and he comes off a recovery week. No pain reported. Action: Tuesday's 4-mi shakeout is a flush at 9:20-9:45, cut to 3 if flat; check legs before Wednesday's 4x1600m and trim to 3 reps rather than force four; Sunday's 20-miler is what the week is built around."
2026-08-04,Tue,9,Easy,Shakeout: 4 mi,4.03,9:59,40:15,144,155,31,on-plan,19605480840,34,,"Full 4 miles, paced slower than the easy zone the whole way (9:53/9:54/9:57/10:04) - positive split, no late surge, exactly the flush day asked for after Monday's squat ladder. HR modest (144 avg/155 max). NWS CLI: today's high 84F at 1:46pm, low 66F at 5:36am, both near normal; run started ~6hr past peak (7:38pm), figure upper 70s cooling. No pain reported."
2026-08-05,Wed,9,Intervals,2.25mi WU + 4x1600m @ 7:55/mi + 2.25mi CD,6.37,8:37,54:52,161,179,83,on-plan,19612427188,113,,"4x1600m negative-split 8:11/8:09/8:00/7:49 against 7:55/mi target - conservative first rep, fastest last, HR climbed in step (162->172) not spiking early. Watch laps: 1.00mi WU @ 9:35/mi (HR139), 4 reps w/ ~2:00 jog recoveries, 0.57mi CD @ 9:10/mi. Total volume (6.37mi) short of prescribed 9, but entirely from trimmed WU (1.00 vs 2.25) and CD (0.57 vs 2.25) - all four reps done in full at/inside target pace, which is what counts on a quality day. Answers Monday's worry about legs holding up for all four reps after Sunday's hard-closing long run and Monday's squat ladder - they got faster each rep. No pain reported."
2026-08-06,Thu,9,Easy,Easy 6 mi,5.03,9:36,48:17,146,162,277,on-plan,19630747717,50,,"Pace held in the easy zone (9:20-9:45/mi) across all five full miles - 9:48/9:49/9:28/9:31/9:26 - exactly what the day after Wednesday's 4x1600m called for. HR climbed steadily 134->157 as pace ticked down slightly, normal early-morning drift, nothing alarming. Volume landed 5.03 vs 6 prescribed - a mile short, but the ask was pace discipline the day after the hardest session of the week, and that's what showed up. No pain reported."
2026-08-07,Fri,9,Medium,"Medium: 9 mi, miles 6-8 @ 9:00/mi",8.03,9:08,73:21,153,174,390,on-plan,19641594740,109,,"MP block (miles 6-8): 3.00mi @ 8:59/mi avg vs 9:00 target (9:14/8:55/8:49) - essentially dead on for first MP session of the cycle. NWS: yesterday Aug 6 hit an actual 88F (4F above the 84F normal), low 75F at 2:25am - run started 7:49am, ~5.5hr past a similarly warm low, likely upper-70s climbing toward 80F by the ~9:02am finish. HR climbed with the work (154->161->163, brief 172 spike on the closing 0.03mi tail), not spiking early. Total 8.03mi vs 9mi prescribed - gap is a skipped cool-down mile, not the MP work itself, right call in heat. Splits 1-5 ran a touch brisk vs the 9:20-9:45 easy zone (9:07-9:25) but HR stayed controlled (141-152). No pain reported."
2026-08-09,Sun,9,Long,Long run: 20 mi easy,20.02,9:47,3:15:58,155,176,1037,on-plan,19670998996,319,,"20.02mi beats the 20mi target. Miles 1-18 clean and honest (mostly 9:35-10:14/mi, two brief dips to 9:09-9:10 on downhill miles) - no hot-finish pattern visible. Real story is the cost: moving/elapsed gap of 33+ min (by far the longest this cycle) from an extended water stop, confirmed by NWS - Aug 9 hit an actual 88F (4F above normal) off a 75F low (5F above normal), a hot humid night that never cooled, and this run spent ~3.8hrs entirely in that heat. RE 319 is nearly triple any other run this cycle. Splits 19-21 discarded - GPS drift during the stop corrupted them (sum to 20.78mi vs recorded 20.02, one reads 5:51/mi, file logs an impossible 21.4mph max speed). HR (155avg/176max) reads controlled given conditions. No pain reported same-day, but JR reports real soreness Sun into Mon and skipped Tuesday's shakeout entirely - confirms this wasn't just a data artifact. Week 9 complete: most expensive session of the cycle by a wide margin, recovery bill came due this week (see Wed Aug 12 entry)."
2026-08-12,Wed,10,Tempo,1.5mi WU + 6mi @ 8:15/mi + 1.5mi CD = 9mi,7.60,8:52,67:22,161,177,89,on-plan,19710537892,136,,"Tempo work (6.01mi) averaged 8:39/mi vs 8:15/mi target - 24 sec/mi off. Primary driver was accumulated fatigue, not heat: JR reports real soreness Sun into Mon after Sunday's brutal 20-miler (RE 319, 33+ min heat-driven water stop), and skipped Tuesday's shakeout entirely, so this tempo came off zero running since Sunday plus two days of soreness. Real heat was also in play (NWS: yesterday Aug 11 hit 85F off a 72F low, both near normal; run started at nearly the same clock time as that low) but is the secondary factor. HR backs up honest hard effort despite the softer pace (159->164->166->166->163->170 across the work, avg 165, 87% of ~190 max) - legs backing off pace under fatigue rather than forcing target is the right call, not a discipline miss. Watch laps: 1.00mi WU @ 9:51/mi (HR138), 6.01mi work @ 8:39/mi (HR165), 0.59mi CD @ 9:41/mi (HR170). Trimmed WU (1.00 vs 1.5) and CD (0.59 vs 1.5) account for the volume gap (7.60 vs 9mi) - the work itself came in full length. No pain reported."
2026-08-13,Thu,10,Easy,Easy 6 mi,6.06,9:14,55:58,,,251,off-plan,19724953799,,,"Full distance (6.06 vs 6 prescribed) but pace ran hot: miles 1-5 at/past the top of the 9:20-9:45 easy zone (9:31/9:34/9:26/9:15/9:15), mile 6 dropped to 8:31/mi - fastest mile of the run, right at the close. No HR recorded to check the cost, but shape matches the fast-finish pattern flagged repeatedly this cycle (Jul 9, Jul 30, Jul 31, Jun 25, Jun 19, Jun 12). Runs against Wednesday's explicit call to keep today conservative - ran full distance and finished faster than prescribed instead. NWS: yesterday Aug 12 hit 84F off a 71F low, both ~1F above normal; run started at nearly the same clock time as that low, so weather isn't the excuse. No pain reported."
2026-08-14,Fri,10,Medium,"10 mi, mi 6-9 @ 9:00/mi",8.16,9:06,74:15,154,171,446,off-plan,19738318719,113,,"MP effort started two miles early - mile 4 dropped to 8:36/mi, well under the easy zone - and ran through mile 8 before the run stopped at 8.16mi, 1.84mi short of the 10mi prescription with no cool-down mile. Miles 6-8 (the actual prescribed window) landed close to target at ~8:53/mi, but miles 4-5 were also hard, making it a 5-mile MP block instead of 4. HR climbed 156->156->163->158->163 through the fast stretch, 171 max on the closing partial mile. Mild, warm-not-hot morning (mid-70s, close to normal per NWS Aug 13 report) - weather isn't the driver. No pain reported. Continues Thursday's pattern of running hot on the easy portions."
2026-08-16,Sun,10,Long,Long run: 20 mi easy,20.14,9:34,3:12:43,156,171,999,on-plan,19771352735,339,,"Best pacing discipline of the cycle - 20.14mi beats target, 9:34/mi dead center of the 9:20-9:45 easy zone. Mile 1 opened 9:41 (slowest of first twelve) and miles 1-19 never left the zone: eighteen of nineteen between 9:19-9:53, one 10:21 at mile 13. Directly answers Friday's ask after Thu closed 8:31 and Fri started its MP block two miles early. HR agrees - 145 opening, then a 154-162 band held three hours, max 171 (below Aug 9's 176 despite far longer in heat). One echo of the standing pattern: mile 20 at 9:11/mi, 9 sec under the floor and fastest of the run, HR to 161 then 167 on the closing partial - downhill and a fraction of Thursday's size, verdict holds, but fifth straight long/easy run to finish faster than it ran. Real story is cost and it is a scheduling story: RE 339 is the highest of the cycle, past Aug 9's 319, but Aug 9 earned that in 88F off a 75F low with a 33+ min water stop. This one had milder weather and no relief - moving/elapsed only 1:46 apart across 3h13m. NWS CLI unreachable from this environment (all weather.gov endpoints blocked by egress proxy); search-derived figure puts Aug 16 at ~85F peaking 1:51pm off a 72F low vs an 84F normal - a normal-warm day, not a heat event. The 11:40am start is the whole difference: the run spent its entire duration in the hottest window of the day. No pain reported. Week 10 complete."
2026-08-19,Wed,11,Intervals,2mi WU + 5x1600m @ 7:50/mi (2min jog) + 2mi CD,8.75,8:58,1:18:21,160,180,163,on-plan,19808503995,158,,"All five reps completed after Sunday's entry suggested cutting to four. Watch laps: 1.50mi WU @ 10:18/mi (HR133), reps 8:21/8:20/8:20/8:01/8:10 averaging 8:14/mi vs 7:50 target (24 sec/mi off, same gap as Aug 12's tempo), 1.26mi CD @ 9:27/mi. Five recovery jogs at 1:59 each - dead on the prescribed 2:00, no stolen rest. HR confirms honest effort not softness: 163 climbing to 169/167/172/172, peak 180, reps 4-5 run at ~90% of max. Shape is right - three metronomic reps at 8:20-8:21 then the two fastest last, negative split same as Aug 5's 4x1600m. Volume 8.75 vs 10 prescribed, entirely trimmed WU (1.50 vs 2) and CD (1.26 vs 2); work came in full at 4.99mi. WU genuinely easy (10:18/mi, HR133) and CD stayed easy (9:27/mi) - first quality session in weeks with no fast-finish flag on any portion. Came three days after Sunday's RE 339 20-miler in the first peak-volume week. No activity filed for Tue Aug 18 - shakeout skipped or untracked. 6:57am start, coolest window of the day; NWS unreachable from this environment but conditions are a non-factor, fatigue explains the session. No pain reported."
2026-08-20,Thu,11,Easy,Easy 6 mi,6.87,9:20,1:04:12,144,158,314,on-plan,19821366989+19822629701,59,,"Ran as two separate Strava activities ~72 min apart: Session 1 (6:02am, 4.85mi, 45:07 moving, HR avg144/max158, strava_id 19821366989), Session 2 (8:00am, 2.02mi, 19:05 moving, HR avg144/max154, strava_id 19822629701). Combined 6.87mi beats the 6mi prescription. Pacing clean apart from one 9:00/mi mile in Session 1 (single outlier, not the sustained fast-finish pattern seen elsewhere this cycle). HR held a tight 141-149 band across both sessions (avg 144 each) - genuinely easy, no residual load from Wednesday's 180-HR interval session. NWS Aug 19 report (today's not posted yet): 85F high/69F low, both near the 83F/69F normals - mild both mornings, not a heat factor. No pain reported."
2026-08-21,Fri,11,Medium,"Medium: 10 mi, miles 5-9 @ 9:00/mi",10.04,9:08,1:31:45,148,179,476,off-plan,19836512954,102,,"Distance and structure right - 10.04mi beats target, miles 1-4 opened genuinely easy (9:24-10:01/mi, HR 132-141). MP block (miles 5-9) averaged 8:39/mi vs 9:00 target, 21 sec/mi hot, negative-split inside the block itself (8:54 down to 8:10), HR climbing 147-167 in step. 'Cool-down' mile 10 ran 8:48/mi, HR still 156 - faster than any easy mile. Same fast-finish signature as Aug 13/14. NWS today's report not posted yet; yesterday (Aug 20) had a cool 63F overnight low, mild morning, not a heat factor. No pain reported."
2026-08-23,Sun,11,Long,"Long run: 22 mi, mi 16-20 @ 9:00/mi",12.02,9:35,1:55:16,144,170,308,off-plan,19868649641,120,,"Cut deliberately, not missed - brutal work week plus travel the day before led JR to skip the 22-mi/MP attempt and sleep in, ran a controlled 12.02mi instead at 9:07-9:52/mi, HR steady 139-152 for most of it. One HR spike to 162 at mile 12 explained by a 173ft climb, not effort. Miles 7-8 dipped to HR 122, reads like a stoplight/crossing stop. 8:53am start, later than the prescribed before-8am window. NWS Aug 22 report (today's not posted yet): 77F high/67F low, both well under 83F/68F normals - mild, not a heat factor, this was a fatigue call not a weather call. Last day of peak-volume Week 11; Week 12 right behind it is already a scheduled recovery week (~28mi, 14mi long run) so nothing compounds. MP long-run work already back on the calendar for Sep 6 (22mi w/ MP block) and Sep 13 (20mi). No pain reported."
2026-08-27,Thu,12,Easy,Easy 5 mi,4.27,8:59,38:21,154,175,213,off-plan,19922162177,60,,"Recovery week's first session ran the opposite of the brief - short and hot. 4.27mi vs 5mi prescribed at 8:59/mi average, essentially marathon pace, nowhere near the 9:20-9:45 easy zone. Splits: 8:59/HR133, 8:45/HR149, 9:30/HR164 (only net-uphill mile, +54ft), 8:49/HR166, 8:36/HR170 on the closing 0.26mi. HR climbed steadily the entire run, 133 to 170 - real drift not noise. Day after Wednesday's tempo, in a week built specifically to back off. NWS Aug 26 report: 81F high/64F low, both near 82F/68F normals - mild, not a heat factor. No description/RPE filed, no pain reported."
2026-08-28,Fri,12,Easy,Easy 7 mi,8.30,9:28,1:18:35,152,172,404,on-plan,19940955435,116,,"Almost skipped the morning slot, ran at 4:22pm instead into 80F/heat index 83 confirmed live via NWS. 8.30mi beats the 7mi prescription at 9:28/mi, comfortably inside the 9:20-9:45 easy zone despite the heat. Splits: 9:27/HR130, 9:34/HR152, 9:19/HR146, 9:24/HR145, 9:26/HR157, 9:34/HR161, 9:36/HR158, 9:14/HR160, 9:59/HR161 (0.30mi partial). HR climbed from 130 on mile 1 into a 150s-160s band and held - heat-driven drift, not a fitness signal. Only mile 8 (9:14, HR160) nudged under the zone floor, a mild echo of the cycle's fast-finish pattern but far smaller than Aug 27's. No pain reported."
2026-08-30,Sun,12,Long,Long run: 14 mi easy,15.10,9:43,2:26:40,149,168,771,off-plan,19970826918,183,,"Beats the recovery week's 14mi target (15.10mi), and 14 of 15 miles were clean controlled easy running, 9:18-10:03/mi, HR drifting gradually from 139 to low 150s over 2.5 hours. NWS Aug 30 report: actual high 78F at 12:38pm off a 67F low at 5:34am. 9:37am start put the back half of this run into that climb, finishing ~12:08pm, 30 min shy of peak heat. Mile 15 broke the pattern right then: 9:02/mi, essentially MP pace, HR jumping to 161 then 165 on the closing 0.10mi partial - same fast/hot closing-mile signature flagged repeatedly this cycle (Aug 13, 14, 16, 21, 28), now on a week built to back off. No pain reported."
2026-09-04,Fri,13,Medium,"Medium: 10 mi, miles 4-8 @ 9:00/mi",7.65,9:27,1:12:19,163,175,388,off-plan,20034025565,239,,"MP block at miles 4-8 not run - that stretch went 9:43/9:30/9:57/9:34, easy-zone throughout, only the closing 0.64mi touched 9:00. Distance 2.35mi short of the 10mi prescription. The number that tells the story is heart rate: avg 163 for a run averaging 9:27/mi, opening at 158 on mile 1. His easy runs normally open 138-148 and average low-150s (Sunday's 20-miler opened at 138 at comparable pace). Running 25 sec/mi slower than marathon pace at 163 avg, touching 175, is not a pace problem - it is a body with nothing in it. RE 239 for 7.65 easy-paced miles is wildly disproportionate. Matches the brutal work week JR reported; this was one of only two runs in it. Not logged as a discipline miss - skipping the MP block on a day already redlined at easy pace was the right instinct. No makeup. Signal to carry forward: easy pace costing 160+ bpm two days before a 20-miler is a textbook under-recovery marker."
2026-09-06,Sun,13,Long,"Long run: 22 mi, miles 13-20 @ 9:00/mi",20.08,9:37,3:13:00,157,177,897,off-plan,20067133131,512,,"Two stories. Good half: miles 1-12 averaged 9:29/mi, dead in the 9:20-9:45 easy zone, HR opening at a relaxed 138 and drifting only to mid-150s - the most disciplined opening 12 miles of any long run this cycle. Half that matters: the prescribed MP block at miles 13-20 never happened, averaging 9:48/mi against a 9:00 target (48 sec/mi off) and slower than the easy miles before it. Miles 17-18 came in at 10:10 and 10:05, the two slowest of the day. Not a decision to back off - a fade: HR kept climbing (159-161-162-164-165-168) while pace kept falling. RE 512 against a previous cycle worst of 339 on Aug 16, i.e. 50% beyond the most expensive session ever logged here. Cause: a 2:26pm start finishing near 5:40pm put the whole run in the afternoon's warmest window with only 69 seconds of stopping across 3h13m, on the back of a work week so rough this was its second run. This is the NYC failure mode reproduced in training - comfortable through 12, progressively unable to hold pace from 13 on; restraint is not the problem, capacity in the closing third is. Third straight afternoon long run to blow up (Aug 16 11:40am RE 339, Sep 6 2:26pm RE 512). Sep 13's 20 with miles 12-18 @ 9:00 is the make-or-break rehearsal: out before 8am, easy through mile 11, then the block."
2026-09-15,Tue,15,Easy,"Test run: 4 mi @ 9:30-9:50, no faster",4.53,9:24,42:36,152,169,244,off-plan,20190687332,93,,"First run back after nine days off for ankle bites. Explicit ceiling was 9:30-9:50/mi, no faster - miles 1-2 opened in the window (9:48, 9:31), but mile 3 (9:19) and mile 4 (9:21) already broke the 9:30 floor, and the closing 0.53mi hit 8:44/mi with HR to 165 - the same progressive speed-up pattern recurring all cycle, now on the one run this block asked to be held back. NWS Sep 15: mild 72F high, not a heat factor. No description filed - the plan explicitly asked how the bites/ankle felt under a shoe, and that answer never came through. No pain reported, but no confirmation either."
2026-09-16,Wed,15,Easy,Easy 6 mi + 6x20-sec strides,6.29,9:41,1:00:53,152,166,292,on-plan,20205585599,133,,"First run back after nine days without a footstrike, and it came back clean. Distance beats the 6mi prescription; 9:41/mi sits inside the 9:20-9:45 easy zone at its slow end, exactly right for a return run. Splits: 9:49/HR146, 9:41/HR155, 9:37/HR154, 9:33/HR152, 9:43/HR147, 9:45/HR158, 9:37/HR158 (0.29mi partial) - six miles inside a 16-second band with miles 1 and 6 the two slowest. NO FAST FINISH, the first time in this log a run closed at the pace it opened; the fast closing mile has been the most repeated flag of the cycle (Jun 12, Jun 19, Jul 9, Jul 31, Aug 13 8:31, Aug 21, Aug 27 8:36, Aug 30 9:02) and Sep 6 named holding pace down by choice as the missing skill. HR opened 146, averaged 152 (~80% of est 190 max), never touched 170 - against Sep 4's 163 avg at a slower 9:27/mi off a 158 opening mile. RE 133 for 6.3mi vs 239 for 7.65mi two weeks earlier. Caveat: 3:43pm start, fourth afternoon run flagged this cycle - costs nothing at 6 easy miles, will cost on Oct 4. Conditions not retrievable (NWS and archive endpoints blocked by network policy this session)."
2026-09-16,Wed,15,Strides,6x20-sec strides,0.67,top 5:13,0:06:56,160,173,12,on-plan,20205585548,20,,"Logged as its own activity so the 10:24/mi average is meaningless - mostly walking recoveries. Max speed 5.144 m/s = 5:13/mi pace. Nine days off a footstrike and the legs still produced genuine turnover, HR peaking 173, total cost RE 20. Strides executed correctly: short, fast, full recovery between, no fatigue cost. Direct counter-evidence to JR's worry that he 'can't sprint' - he ran 5:13/mi pace on Wednesday. Surging at the end of an easy run on run two of a return week is a different thing and tests nothing."
2026-09-17,Thu,15,Easy,"Easy 4 mi (or StairMaster swap if ankle raw)",4.28,9:22,40:05,154,168,213,off-plan,20213990285,98,,"Ran it rather than taking the StairMaster swap, so the ankle held - three runs back and the chigger bites are no longer the limiter. Aerobic read is genuinely encouraging: Sep 4's easy-paced medium ran 9:27/mi at avg HR 163 and was flagged as a textbook under-recovery marker; today ran faster (9:22/mi) at 154, nine beats lower, RE 98. Faster pace at materially lower HR three runs off a nine-day layoff - the 160+ easy-pace warning has cleared. Problem is the closing 0.28mi at 8:41/mi: ~40 sec/mi under the easy floor, fastest segment of the day, HR spiking to 164 (the run's peak). Tuesday closed 8:44 and was flagged for exactly this; Wednesday was clean and credited as the first run in this log to close at the pace it opened. Two fast closes in three runs back. Average also quick - 9:22/mi is the absolute floor of the 9:20-9:45 band against this week's stated 9:30-9:50 ceiling. Not dangerous alone, but the week's job was a normal week with no quality in it. No pain reported. Action: Friday's easy 7 at 9:30-9:50 start to finish; if the closing half mile is fastest again that is three in four."
2026-09-18,Fri,15,Easy,Easy 7 mi,7.70,9:34,1:13:43,158,174,434,off-plan,20230604201,205,,"Passes on paper - 7.70mi vs 7 prescribed, 9:34/mi inside the 9:20-9:45 easy band - but the cost says otherwise. Avg HR 158 against 152 on Wednesday at a slower 9:41. Splits: 9:37/HR143, 9:50/152, 9:41/150, 9:30/160, 9:30/161, 9:46/165, 9:23/164, 9:11/171 (0.70mi). HR kept climbing even on the mile where pace slowed (mile 6, 9:46 at 165) - cardiac drift on a tired body, not chosen effort. RE 205 is the number: Aug 28 covered MORE distance at comparable pace (8.30mi at 9:28) in 80F heat for RE 116, so Friday cost 76% more for 0.7mi less, landing closer to Sep 4's flagged 239 than to a normal easy day. Third fast close in four runs (Tue 8:44/165, Thu 8:41/164, Fri 9:11/171); Wednesday, the one run held flat, was also the only one that cost normally. Context: five runs in six days off a nine-day layoff, and four of five started in the afternoon (3:11pm, 3:43pm, 1:04pm; only Thu at 8:03am). Aerobic markers still improving - Thu ran 9:22/mi at avg 154 vs Sep 4's 9:27/mi at 163. Action: Sunday cut 13mi to 11, morning start before 8am, 9:45-10:00/mi deliberately slower than the easy floor, no surge; walk if HR passes 160."
2026-09-20,Sun,15,Long,"Long run: 11 mi @ 9:45-10:00 (cut from 13)",13.85,9:44,2:14:46,148,168,754,on-plan,20259832873,256,"Feels fine in a slower pace, but that's not the point of this whole thing","Lowest-cost long run of the cycle. Avg HR 148 is the lowest of any long run logged: Aug 9 ran 9:47 at 155, Aug 16 ran 9:34 at 156, Aug 30 ran 9:43 at 149, Sep 6 ran 9:37 at 157; today 9:44 at 148, seven beats under Aug 9 at near-identical pace. RE 256 over 13.85mi is 18.5/mile against Sep 6's 25.5. Cool rain helped but does not flatten an HR curve seven beats alone. Shape is the best part: first half 9:42, second half 9:45, splits inside a 52-second band with the slowest at mile 8 not mile 13, HR drift only 145-152 across 2h15m (Sep 6 drifted to 168 and came apart). Closing 0.85mi at 9:12 with HR 156 against a 160 walk-threshold - negligible next to Tue's 8:44 at 165. Ran 13.85 against a prescribed 11, overriding a cut made after Friday's RE 205; stands because the hot-and-drifting body that justified the cut was absent from mile one. On his note: half right. Easy running does not prove 9:00/mi - only MP work does, and his longest continuous MP block is still five miles from Aug 21. But speed was never the constraint (strides at 5:13/mi top speed four days off a nine-day layoff; 1600s at 8:00 in August). Cost is the constraint: Sep 6 averaged 9:37, faster than today, for RE 512 and an MP block that disintegrated to 9:48. Marathon pace is held by sitting under an aerobic ceiling for four hours, and that ceiling is built by this exact run. Week 15 closed."
2026-09-22,Tue,16,Easy,Shakeout 4 mi @ 9:30-9:50 (optional),3.19,8:50,28:08,141,166,130,flag,20280974655,43,,"Distance short of the optional 4mi target - fine, Wednesday is the priority. Pace is not fine: the day's own plan set an explicit 9:30-9:50/mi ceiling for this run (same as Sep 15's), and 8:50/mi avg blows through the top of it by 40-60 sec/mi, faster than marathon pace (9:00), edging into tempo territory (8:20-8:30). Splits built rather than settled: 8:58/HR109, 9:01/HR151, 8:37/HR160, 8:28/HR163 (0.18mi partial) - HR climbing right alongside the pace, on a half-banana pre-fuel after teaching a 7am Pilates class. Mile 1's HR of 109 reads like a strap/GPS-settling artifact, not a true easy effort. Same shape flagged one week ago on the Sep 15 return test run (explicit 9:30-9:50 ceiling broken twice, closing 8:44/mi HR165) - except that run had an excuse, nine days off easing skin back into a shoe. This one is a fully voluntary shakeout that came in even faster against an even more explicit target. JR's own activity title ('Fun. Can I run a whole marathon at this pace in 6 weeks?') says he knows what happened. Tomorrow is the first quality session back in three weeks (5mi @ 8:10, 'start the block honest') and Oct 4's 20-miler is the sub-4 decision point - not the week to spend effort on an optional day."
2026-09-23,Wed,16,Easy,"Easy 4-5 mi @ 9:30-9:50 (tempo moved off after 5hr sleep)",5.12,8:53,45:26,156,171,238,off-plan,20297353189,123,,"Ran the tempo anyway. One warm-up mile at 9:35 then 8:54/8:46/8:36/8:32 - four miles averaging 8:42/mi at HR 160 - on the day the tempo had been moved off that morning because he slept about five hours. Session itself is good taken alone: 18 sec/mi faster than marathon pace, HR climbing in step rather than spiking, RE only 123. Third run in nine days to break an explicit written pace ceiling (Sep 15, Sep 22, now), but unlike Tuesday's drift this was a decision - he substituted the session he wanted for the one he was given. Problem is the arithmetic after it: Friday was carrying a tempo because Wednesday's had moved, so that is now redundant and would be a third quality effort in five days two days before Sunday's 17 with six MP miles. Friday reverted to easy 5. Activity title was 'CAN I RUN AN ENTIRE MARATHON AT THIS PACE IN 5 WEEKS' - answer: at 8:42 no, that is a 3:48 and unsupported. At 9:00 unproven but encouraging. Sep 20 ran 9:44 at HR 148, this ran 8:42 at 160, so 9:00 should cost about 153-156, and mid-150s for four hours is a reasonable ask. What is unproven is durability not pace: longest continuous MP block is still five miles from Aug 21, and the one deep attempt (Sep 6 miles 13-20) collapsed to 9:48. Mile 4 at 8:42 does not answer this; mile 22 does."
2026-09-24,Thu,16,Easy,Easy 4 mi @ 9:30-9:50,4.15,9:06,0:37:50,141,162,184,flag,20309417483,48,,"Third consecutive day (Tue/Wed/Thu) the written pace ceiling broke, fourth instance in ten days. Both this morning's own plan text (hold the ceiling, Tuesday got flagged) and yesterday's action line (today needs to be genuinely easy, three consecutive days otherwise) named the exact risk before it happened. Different shape than the last three: Sep 15 and Sep 22 were fast closes off a controlled start, Sep 23 was an honest tempo on the wrong day - this one never had a controlled start. Mile 1 opened 9:24, already under the 9:30 floor, then built: 9:24, 9:18, 9:13, 8:39, 8:10 (0.15mi partial), HR climbing 135 to 160 alongside it. Average 9:06/mi sits 24-44 sec/mi under the ceiling for the whole run, not just a closing surge. Started 6:09am, ahead of the 6:45am Pilates class it was meant to follow. No pain or injury noted. Action: a written reminder has not worked three days running - try a GPS pace alert on easy days instead. Friday's easy 5 needs to actually be easy; a fourth straight day of this leaves Sunday's 17 with six continuous MP miles carrying legs that spent the week instead of banking it."
